,City,Lat,Lng,Max Temp,Humidity,Cloudiness,Wind Speed,Country,Date
1524296,Esil,51.9556,66.4042,271.49,98,97,4.22,KZ,2021-02-13 04:52:05
986717,Kruisfontein,-34.0033,24.7314,296.48,93,100,1.14,ZA,2021-02-13 04:52:39
1640972,Katobu,-4.9408,122.5276,304.39,58,100,3.52,ID,2021-02-13 04:52:39
4224413,Statesboro,32.4488,-81.7832,281.15,93,90,2.06,US,2021-02-13 04:52:39
3380290,Sinnamary,5.3833,-52.95,298.52,87,90,5.98,GF,2021-02-13 04:52:39
1282256,Hithadhoo,-0.6,73.0833,301.23,73,92,5.28,MV,2021-02-13 04:52:40
4030556,Rikitea,-23.1203,-134.9692,299.53,77,8,5.63,PF,2021-02-13 04:52:40
2075265,Busselton,-33.65,115.3333,301.07,36,0,2.25,AU,2021-02-13 04:52:40
3874787,Punta Arenas,-53.15,-70.9167,285.15,62,90,5.14,CL,2021-02-13 04:52:40
107304,Buraidah,26.326,43.975,284.15,87,0,3.63,SA,2021-02-13 04:52:40
546105,Nikolskoye,59.7035,30.7861,257.15,78,75,1.0,RU,2021-02-13 04:52:40
5855927,Hilo,19.7297,-155.09,297.15,69,20,2.06,US,2021-02-13 04:52:40
6201424,Mataura,-46.1927,168.8643,292.59,71,66,1.79,NZ,2021-02-13 04:52:41
4020109,Atuona,-9.8,-139.0333,299.35,79,1,6.97,PF,2021-02-13 04:52:41
4032243,Vaini,-21.2,-175.2,303.15,74,75,3.6,TO,2021-02-13 04:52:41
1637001,Biak,-0.9131,122.8766,296.93,89,100,1.31,ID,2021-02-13 04:52:41
2163355,Hobart,-42.8794,147.3294,293.71,59,40,5.66,AU,2021-02-13 04:52:41
3833367,Ushuaia,-54.8,-68.3,286.15,47,75,5.14,AR,2021-02-13 04:48:22
3139597,Sistranda,63.7256,8.834,274.15,75,75,13.89,NO,2021-02-13 04:52:41
964432,Port Alfred,-33.5906,26.891,297.59,94,87,1.34,ZA,2021-02-13 04:52:42
3428068,San Vicente,-26.6167,-54.1333,289.95,100,42,0.61,AR,2021-02-13 04:52:42
5850554,Makakilo City,21.3469,-158.0858,298.15,64,20,1.54,US,2021-02-13 04:52:42
3831208,Qaanaaq,77.484,-69.3632,254.23,69,0,2.49,GL,2021-02-13 04:52:42
2017155,Saskylakh,71.9167,114.0833,240.75,81,86,0.75,RU,2021-02-13 04:52:42
2122605,Okhotsk,59.3833,143.3,264.68,93,100,1.74,RU,2021-02-13 04:52:42
2110227,Butaritari,3.0707,172.7902,300.69,82,0,5.02,KI,2021-02-13 04:48:30
1735106,George Town,5.4112,100.3354,306.15,46,20,3.09,MY,2021-02-13 04:52:42
964420,Port Elizabeth,-33.918,25.5701,296.15,100,90,3.6,ZA,2021-02-13 04:52:43
2126199,Cherskiy,68.75,161.3,242.57,81,0,0.4,RU,2021-02-13 04:52:43
6185377,Yellowknife,62.456,-114.3525,245.37,76,20,2.06,CA,2021-02-13 04:51:01
1701054,Marawi,7.9986,124.2928,302.04,80,73,2.24,PH,2021-02-13 04:52:23
5335650,Ceres,37.5949,-120.9577,283.15,81,1,1.06,US,2021-02-13 04:52:43
3887344,Illapel,-31.6308,-71.1653,290.77,71,0,0.6,CL,2021-02-13 04:52:43
3652764,Puerto Ayora,-0.7393,-90.3518,297.59,95,95,3.8,EC,2021-02-13 04:52:43
1006984,East London,-33.0153,27.9116,294.15,94,0,2.06,ZA,2021-02-13 04:52:44
2652513,Colwyn Bay,53.2948,-3.7267,270.93,76,100,6.26,GB,2021-02-13 04:52:44
3460629,Itaqui,-29.1253,-56.5531,293.37,83,0,2.26,BR,2021-02-13 04:52:44
933995,Souillac,-20.5167,57.5167,301.15,69,75,6.17,MU,2021-02-13 04:49:21
1228730,Ratnapura,6.6828,80.3992,305.32,47,13,1.04,LK,2021-02-13 04:52:44
3522526,Nuevo Progreso,23.1667,-97.95,282.59,70,86,1.79,MX,2021-02-13 04:52:44
2257990,Madingou,-4.1536,13.55,295.78,95,60,0.97,CG,2021-02-13 04:52:44
2630299,Hofn,64.2539,-15.2082,277.26,82,100,8.32,IS,2021-02-13 04:52:44
5380437,Pacific Grove,36.6177,-121.9166,285.15,82,75,6.21,US,2021-02-13 04:52:45
5815342,Wenatchee,47.4235,-120.3103,265.93,86,90,2.57,US,2021-02-13 04:52:45
2171099,Codrington,-38.2667,141.9667,291.97,56,0,5.48,AU,2021-02-13 04:52:45
3405215,Bonfim,3.0833,-59.95,298.43,73,96,5.46,BR,2021-02-13 04:52:45
3414079,Olafsvik,64.8945,-23.7142,277.64,74,100,11.8,IS,2021-02-13 04:52:45
2514651,Los Llanos de Aridane,28.6585,-17.9182,290.15,63,0,5.14,ES,2021-02-13 04:52:45
779622,Havøysund,70.9963,24.6622,269.15,68,75,4.12,NO,2021-02-13 04:52:45
2316259,Bulungu,-4.55,18.6,294.5,92,89,0.7,CD,2021-02-13 04:52:46
2112802,Hasaki,35.7333,140.8333,290.93,47,40,4.12,JP,2021-02-13 04:52:46
2121385,Severo-Kuril'sk,50.6789,156.125,271.22,94,99,4.25,RU,2021-02-13 04:52:46
5197850,Lewistown,40.5992,-77.5714,268.15,68,90,1.2,US,2021-02-13 04:50:22
3366880,Hermanus,-34.4187,19.2345,295.93,79,0,3.13,ZA,2021-02-13 04:52:46
5282297,Bethel,41.3712,-73.414,271.15,36,90,1.54,US,2021-02-13 04:52:46
2206939,Bluff,-46.6,168.3333,292.59,71,50,1.79,NZ,2021-02-13 04:52:46
1508501,Chadan,51.2833,91.5833,252.15,86,32,1.03,RU,2021-02-13 04:52:46
2514301,Mahon,39.8885,4.2658,284.15,82,40,9.26,ES,2021-02-13 04:52:47
3393692,Itarema,-2.9248,-39.9167,298.69,87,3,3.84,BR,2021-02-13 04:52:47
5110365,Broome,42.2506,-75.833,261.15,56,75,3.09,US,2021-02-13 04:52:47
1688696,San Policarpo,12.1791,125.5072,300.94,77,63,0.29,PH,2021-02-13 04:52:47
5972291,Havre-St-Pierre,50.2334,-63.5986,265.15,62,90,3.6,CA,2021-02-13 04:52:47
3466165,Cidreira,-30.1811,-50.2056,297.04,80,100,7.22,BR,2021-02-13 04:52:47
5866583,Saint Paul Harbor,57.79,-152.4072,275.15,75,90,6.69,US,2021-02-13 04:52:47
3466704,Castro,-24.7911,-50.0119,288.64,94,31,1.02,BR,2021-02-13 04:52:47
4231997,Avera,33.194,-82.5271,278.15,92,90,3.09,US,2021-02-13 04:52:48
1045114,Inhambane,-23.865,35.3833,299.15,89,75,4.12,MZ,2021-02-13 04:52:48
2015306,Tiksi,71.6872,128.8694,249.56,91,73,2.5,RU,2021-02-13 04:52:48
2112309,Katsuura,35.1333,140.3,290.37,71,75,1.54,JP,2021-02-13 04:52:48
5993072,Kitimat,54.0524,-128.6534,269.15,36,90,7.72,CA,2021-02-13 04:52:48
3355672,Lüderitz,-26.6481,15.1594,290.4,88,27,3.19,NA,2021-02-13 04:52:48
5847411,Kahului,20.8947,-156.47,300.15,54,40,4.63,US,2021-02-13 04:52:48
3625710,Upata,8.0086,-62.3989,296.48,89,56,1.79,VE,2021-02-13 04:52:48
3883457,Lebu,-37.6167,-73.65,287.01,84,0,6.56,CL,2021-02-13 04:52:49
6165406,Thompson,55.7435,-97.8558,234.15,67,1,1.03,CA,2021-02-13 04:52:49
5563839,Fortuna,40.5982,-124.1573,283.71,100,90,1.99,US,2021-02-13 04:52:49
3146487,Raudeberg,61.9875,5.1352,271.48,36,9,5.65,NO,2021-02-13 04:52:49
1507390,Dikson,73.5069,80.5464,240.87,87,98,5.09,RU,2021-02-13 04:52:49
215771,Isiro,2.7739,27.616,292.49,49,86,0.96,CD,2021-02-13 04:52:49
5924351,Clyde River,70.4692,-68.5914,255.15,85,99,8.75,CA,2021-02-13 04:52:49
942511,Vryburg,-26.9566,24.7284,294.22,65,34,1.58,ZA,2021-02-13 04:52:50
2641434,Northam,51.0333,-4.2167,275.37,79,100,4.47,GB,2021-02-13 04:52:50
3840092,Puerto Madryn,-42.7692,-65.0385,294.74,70,93,9.71,AR,2021-02-13 04:52:50
3369157,Cape Town,-33.9258,18.4232,292.04,88,0,1.54,ZA,2021-02-13 04:40:58
5848280,Kapaa,22.0752,-159.319,296.15,64,1,2.06,US,2021-02-13 04:48:34
2017042,Selikhino,50.3672,137.4996,267.15,96,100,4.7,RU,2021-02-13 04:52:50
2155415,New Norfolk,-42.7826,147.0587,292.59,41,85,1.34,AU,2021-02-13 04:50:46
2294915,Takoradze,4.8845,-1.7554,299.82,88,12,4.22,GH,2021-02-13 04:52:50
1805518,Jining,35.405,116.5814,288.71,60,98,4.36,CN,2021-02-13 04:52:51
565407,Dombarovskiy,50.7587,59.5386,267.13,96,55,5.04,RU,2021-02-13 04:52:51
2249281,Linguère,15.3953,-15.1193,295.66,15,5,5.27,SN,2021-02-13 04:52:51
5742974,North Bend,43.4065,-124.2243,284.15,93,90,5.66,US,2021-02-13 04:52:51
2629833,Husavik,66.0449,-17.3389,277.15,65,20,5.66,IS,2021-02-13 04:52:51
2961459,Skibbereen,51.55,-9.2667,278.15,93,90,13.89,IE,2021-02-13 04:52:51
6690296,Saint-Joseph,-21.3667,55.6167,303.15,61,0,11.32,RE,2021-02-13 04:52:51
5690366,Mandan,46.8267,-100.8896,246.15,76,20,2.57,US,2021-02-13 04:52:52
4035715,Avarua,-21.2078,-159.775,302.15,65,1,2.06,CK,2021-02-13 04:52:52
347863,Sīwah,29.2041,25.5195,282.65,84,0,2.81,EG,2021-02-13 04:52:52
1015776,Bredasdorp,-34.5322,20.0403,294.15,83,27,2.57,ZA,2021-02-13 04:52:52
1058381,Morondava,-20.2833,44.2833,299.11,77,98,6.69,MG,2021-02-13 04:52:52
5550368,Wasco,35.5941,-119.341,285.15,76,1,3.7,US,2021-02-13 04:52:52
4031574,Provideniya,64.3833,-173.3,256.44,91,100,12.37,RU,2021-02-13 04:52:52
2094342,Kavieng,-2.5744,150.7967,302.15,76,59,4.49,PG,2021-02-13 04:52:53
100926,Umluj,25.0213,37.2685,296.12,55,0,4.09,SA,2021-02-13 04:52:53
3448903,São João da Barra,-21.6403,-41.0511,297.82,86,100,6.42,BR,2021-02-13 04:52:53
3443061,Chui,-33.6971,-53.4616,293.46,93,100,1.67,UY,2021-02-13 04:52:53
3430863,Mar del Plata,-38.0023,-57.5575,294.15,94,90,4.12,AR,2021-02-13 04:52:24
3700393,Tubualá,9.5167,-79.0333,298.15,73,20,1.03,PA,2021-02-13 04:52:53
3985710,Cabo San Lucas,22.8909,-109.9124,289.82,88,1,5.66,MX,2021-02-13 04:52:53
1278931,Amalner,21.05,75.0667,301.16,19,0,2.53,IN,2021-02-13 04:52:53
4787534,Sterling,39.0062,-77.4286,272.15,74,90,2.06,US,2021-02-13 04:51:27
3374120,Vila do Maio,15.1333,-23.2167,293.15,73,0,9.77,CV,2021-02-13 04:52:54
4031637,Lavrentiya,65.5833,-171.0,252.82,90,100,7.88,RU,2021-02-13 04:52:54
5983720,Iqaluit,63.7506,-68.5145,251.15,64,75,5.66,CA,2021-02-13 04:52:36
1337612,Dhidhdhoo,6.8833,73.1,300.16,61,75,3.05,MV,2021-02-13 04:52:54
2121126,Smirnykh,49.75,142.8333,270.94,97,73,0.78,RU,2021-02-13 04:52:54
5882953,Aklavik,68.2191,-135.0107,255.15,78,91,1.54,CA,2021-02-13 04:52:54
3361934,Saldanha,-33.0117,17.9442,290.15,88,0,1.03,ZA,2021-02-13 04:52:54
2063042,Port Hedland,-20.3167,118.5667,305.15,58,41,6.69,AU,2021-02-13 04:52:55
1512101,Agirish,61.9247,63.0231,250.07,91,100,0.81,RU,2021-02-13 04:52:55
158825,Izazi,-7.2,35.7333,290.15,94,75,0.6,TZ,2021-02-13 04:52:55
80509,Al Bardīyah,31.7561,25.0865,285.26,76,0,1.69,LY,2021-02-13 04:52:55
1259385,Port Blair,11.6667,92.75,301.37,66,48,6.23,IN,2021-02-13 04:52:55
6170031,Tuktoyaktuk,69.4541,-133.0374,250.15,84,75,2.57,CA,2021-02-13 04:52:55
3468352,Caçu,-18.5567,-51.1308,293.05,88,100,1.83,BR,2021-02-13 04:52:55
5880054,Barrow,71.2906,-156.7887,250.15,70,90,1.77,US,2021-02-13 04:52:55
3421319,Nuuk,64.1835,-51.7216,266.15,86,90,6.17,GL,2021-02-13 04:52:56
5122534,Jamestown,42.097,-79.2353,263.15,79,1,2.57,US,2021-02-13 04:52:56
1254608,Narkanda,31.2548,77.4613,286.15,62,40,0.9,IN,2021-02-13 04:52:56
3703443,Panama City,8.9936,-79.5197,298.15,73,20,1.03,PA,2021-02-13 04:51:40
2071860,Esperance,-33.8667,121.9,300.15,41,1,5.14,AU,2021-02-13 04:52:56
2512186,Puerto del Rosario,28.5004,-13.8627,291.15,77,75,7.2,ES,2021-02-13 04:52:56
2159220,Mackay,-21.15,149.2,304.15,45,71,5.66,AU,2021-02-13 04:52:56
3514684,Villa Corzo,16.1667,-93.25,295.15,64,1,3.09,MX,2021-02-13 04:52:56
3404817,Breves,-1.6822,-50.4803,297.12,97,100,1.59,BR,2021-02-13 04:52:57
2122104,Petropavlovsk-Kamchatskiy,53.0452,158.6483,268.15,50,74,2.0,RU,2021-02-13 04:52:57
2070998,Geraldton,-28.7667,114.6,305.15,45,40,9.77,AU,2021-02-13 04:52:57
213940,Kasongo,-4.45,26.6667,294.03,97,96,0.79,CD,2021-02-13 04:52:57
1805833,Jiexiu,37.0244,111.9125,284.59,41,100,1.52,CN,2021-02-13 04:51:05
3465749,Conceição do Castelo,-20.3683,-41.2439,291.02,94,100,1.8,BR,2021-02-13 04:52:57
555798,Issa,53.8705,44.8578,274.67,98,100,5.61,RU,2021-02-13 04:52:57
2122414,Orotukan,62.2667,151.7,250.96,88,100,1.2,RU,2021-02-13 04:52:57
477940,Ust-Tsilma,65.441,52.1498,248.58,89,79,0.74,RU,2021-02-13 04:52:58
1490256,Talnakh,69.4865,88.3972,243.94,85,100,1.13,RU,2021-02-13 04:52:58
1650434,Bambanglipuro,-7.95,110.2833,302.03,72,44,3.49,ID,2021-02-13 04:52:58
1688781,City of San Pedro,14.35,121.0167,299.82,83,90,2.57,PH,2021-02-13 04:52:58
777019,Vardø,70.3705,31.1107,266.26,93,48,5.29,NO,2021-02-13 04:52:58
2021031,Kyren,51.6828,102.1408,256.96,80,82,0.55,RU,2021-02-13 04:52:58
3728097,Les Cayes,18.2,-73.75,296.62,74,1,2.2,HT,2021-02-13 04:52:58
934322,Mahébourg,-20.4081,57.7,301.15,69,75,6.17,MU,2021-02-13 04:52:58
1788206,Xixiang,35.1628,112.865,289.25,54,100,1.71,CN,2021-02-13 04:52:59
5106841,Albany,42.6001,-73.9662,262.04,54,79,1.81,US,2021-02-13 04:48:31
1819729,Hong Kong,22.2855,114.1577,296.48,61,74,3.58,HK,2021-02-13 04:50:45
2122262,Palana,59.1167,159.9667,255.2,88,0,7.3,RU,2021-02-13 04:52:59
3932145,Pisco,-13.7,-76.2167,296.15,73,0,4.63,PE,2021-02-13 04:52:59
3435261,Concordia,-31.393,-58.0209,291.48,100,2,1.73,AR,2021-02-13 04:52:59
2750460,Neede,52.1342,6.6139,263.15,90,0,0.45,NL,2021-02-13 04:52:59
3092472,Malbork,54.0359,19.0266,272.04,86,75,5.14,PL,2021-02-13 04:53:00
4952206,Stoughton,42.1251,-71.1023,269.15,36,90,2.06,US,2021-02-13 04:53:00
3188383,Varaždin,46.3044,16.3378,264.82,40,66,0.45,HR,2021-02-13 04:53:00
1608528,Nakhon Ratchasima,15.0,102.1667,300.37,74,0,3.09,TH,2021-02-13 04:53:00
6141256,Saskatoon,52.1168,-106.6345,244.15,76,1,2.06,CA,2021-02-13 04:51:26
2126785,Belaya Gora,68.5333,146.4167,242.41,81,0,1.77,RU,2021-02-13 04:53:00
2644210,Liverpool,53.4106,-2.9779,272.15,69,90,7.72,GB,2021-02-13 04:53:00
5557293,Sitka,57.0531,-135.33,276.15,30,20,3.09,US,2021-02-13 04:52:27
1853371,Ryōtsu-minato,38.0833,138.4333,288.15,33,40,3.6,JP,2021-02-13 04:53:01
3670218,San Andrés,12.5847,-81.7006,299.15,78,20,3.09,CO,2021-02-13 04:52:00
1495586,Parabel',58.6978,81.4825,247.96,88,100,2.7,RU,2021-02-13 04:53:01
4566022,Loíza,18.4313,-65.8802,296.48,88,20,6.62,PR,2021-02-13 04:53:01
3372760,Praia da Vitória,38.7333,-27.0667,289.15,72,40,12.58,PT,2021-02-13 04:53:01
2032614,Baruun-Urt,46.6806,113.2792,255.89,80,81,1.21,MN,2021-02-13 04:53:01
1267390,Kavaratti,10.5669,72.642,300.29,64,49,2.82,IN,2021-02-13 04:48:13
2012938,Yerofey Pavlovich,53.9667,121.9667,255.06,88,100,2.25,RU,2021-02-13 04:53:01
2180991,Tolaga Bay,-38.3667,178.3,292.22,67,0,4.18,NZ,2021-02-13 04:53:02
4034551,Faanui,-16.4833,-151.75,300.86,73,28,4.55,PF,2021-02-13 04:53:02
4560349,Philadelphia,39.9523,-75.1638,271.48,50,90,1.54,US,2021-02-13 04:49:14
3899695,Ancud,-41.8697,-73.8203,285.37,81,0,4.12,CL,2021-02-13 04:53:02
4513583,Hamilton,39.1834,-84.5333,269.26,74,90,4.63,US,2021-02-13 04:48:42
3576994,Cockburn Town,21.4612,-71.1419,298.05,77,0,10.5,TC,2021-02-13 04:53:02
1256245,Simga,21.6333,81.7,300.78,22,10,1.31,IN,2021-02-13 04:53:03
5127305,Monroe,43.1501,-77.6831,262.59,85,90,2.57,US,2021-02-13 04:41:08
964712,Plettenberg Bay,-34.0527,23.3716,295.25,94,83,0.64,ZA,2021-02-13 04:53:03
2028164,Deputatsky,69.3,139.9,245.6,90,100,1.21,RU,2021-02-13 04:53:03
877747,Mtwara,-10.2667,40.1833,298.15,100,75,4.63,TZ,2021-02-13 04:53:03
778707,Mehamn,71.0357,27.8492,266.35,96,80,3.54,NO,2021-02-13 04:53:03
2082539,Merauke,-8.4667,140.3333,302.38,74,100,3.09,ID,2021-02-13 04:53:03
2208248,Kaitangata,-46.2817,169.8464,291.48,75,86,3.13,NZ,2021-02-13 04:53:03
1687894,Santa Rosa,14.3122,121.1114,299.82,83,90,2.57,PH,2021-02-13 04:53:04
2025241,Churapcha,62.0025,132.4325,260.14,91,100,0.37,RU,2021-02-13 04:53:04
2138555,Poum,-20.2333,164.0167,300.51,70,1,3.91,NC,2021-02-13 04:53:04
337405,Gambēla,8.25,34.5833,301.08,19,73,2.35,ET,2021-02-13 04:53:04
2229761,Kribi,2.95,9.9167,299.59,86,26,2.39,CM,2021-02-13 04:53:04
108410,Riyadh,24.6877,46.7219,283.15,53,0,1.87,SA,2021-02-13 04:49:25
4021858,Guerrero Negro,27.9769,-114.0611,288.4,84,18,7.8,MX,2021-02-13 04:53:04
2123814,Leningradskiy,69.3833,178.4167,244.72,84,100,2.87,RU,2021-02-13 04:53:04
933535,Letlhakane,-21.4167,25.5833,294.06,70,70,1.98,BW,2021-02-13 04:53:05
4026082,Lázaro Cárdenas,17.9583,-102.2,293.17,77,3,2.09,MX,2021-02-13 04:53:05
2030065,Mandalgovi,45.7625,106.2708,260.98,80,100,4.55,MN,2021-02-13 04:53:05
4692856,Galveston,29.3669,-94.9669,279.15,81,90,8.23,US,2021-02-13 04:53:05
1804169,Lengshuijiang,27.6881,111.4294,290.86,58,14,1.64,CN,2021-02-13 04:53:05
3439156,Carmen del Paraná,-27.2333,-56.2167,293.71,80,55,1.17,PY,2021-02-13 04:53:05
5969025,Haines Junction,60.7522,-137.5108,246.15,76,0,0.51,CA,2021-02-13 04:53:05
6089245,Norman Wells,65.282,-126.8329,244.15,83,20,3.07,CA,2021-02-13 04:53:06
1642414,Jombang,-7.546,112.2331,304.15,74,40,6.69,ID,2021-02-13 04:53:06
6255012,Flinders,-34.5833,150.8552,294.26,82,100,1.79,AU,2021-02-13 04:53:06
5391295,Salinas,36.6777,-121.6555,285.15,82,90,1.6,US,2021-02-13 04:53:06
2021041,Kyra,49.5776,111.9753,256.38,79,4,2.45,RU,2021-02-13 04:53:06
50814,Wajid,3.8093,43.2471,296.9,50,12,11.15,SO,2021-02-13 04:53:06
3356832,Henties Bay,-22.116,14.2845,294.26,89,46,1.79,NA,2021-02-13 04:53:07
3381041,Mana,5.6592,-53.7767,298.32,88,31,5.41,GF,2021-02-13 04:53:07
342567,Bedelē,8.456,36.353,290.02,34,74,0.77,ET,2021-02-13 04:53:07
1254046,Tura,25.5198,90.2201,299.92,30,0,1.14,IN,2021-02-13 04:53:07
3421982,Maniitsoq,65.4167,-52.9,263.26,88,11,5.78,GL,2021-02-13 04:53:05
2189343,Kaeo,-35.1,173.7833,297.04,58,0,3.58,NZ,2021-02-13 04:53:07
2283016,Odienné,9.51,-7.5692,293.79,24,0,0.67,CI,2021-02-13 04:53:07
5380420,Pacifica,37.6138,-122.4869,285.15,82,75,9.77,US,2021-02-13 04:53:07
1498919,Mezhdurechenskiy,59.6,65.9333,254.19,92,100,2.61,RU,2021-02-13 04:53:08
4499379,Wilmington,34.2257,-77.9447,277.59,93,90,4.12,US,2021-02-13 04:45:52
176758,Kaputa,-8.4689,29.6619,292.66,91,100,1.62,ZM,2021-02-13 04:53:08
3163146,Andenes,69.3143,16.1194,271.15,59,90,9.53,NO,2021-02-13 04:53:08
338345,Edd,13.9297,41.6925,300.97,38,31,5.79,ER,2021-02-13 04:53:08
3372707,Ribeira Grande,38.5167,-28.7,289.22,79,100,13.78,PT,2021-02-13 04:53:08
3435679,Caraguatay,-26.6059,-54.7809,292.32,96,4,0.89,AR,2021-02-13 04:53:08
141665,Bandar-e Lengeh,26.5579,54.8807,290.15,100,24,2.06,IR,2021-02-13 04:53:09
5364271,Laguna,38.421,-121.4238,285.93,82,1,2.57,US,2021-02-13 04:52:47
1649150,Bengkulu,-3.8004,102.2655,302.96,66,36,4.26,ID,2021-02-13 04:53:09
1651810,Airai,-8.9266,125.4092,294.99,95,77,0.97,TL,2021-02-13 04:53:09
779082,Lakselv,70.0513,24.9718,270.15,63,75,6.17,NO,2021-02-13 04:53:09
311104,İslahiye,37.025,36.6306,284.82,100,20,2.06,TR,2021-02-13 04:53:09
1785036,Zhangye,38.9342,100.4517,281.01,46,63,3.99,CN,2021-02-13 04:53:09
1283285,Jumla,29.2747,82.1838,287.8,28,17,1.62,NP,2021-02-13 04:53:09
964406,Port Shepstone,-30.7414,30.455,297.79,80,0,4.81,ZA,2021-02-13 04:53:10
5044290,Saint Anthony,45.0205,-93.218,251.15,54,1,2.57,US,2021-02-13 04:53:10
3984997,San Quintín,30.4833,-115.95,286.65,77,2,5.98,MX,2021-02-13 04:53:10
469960,Vytegra,61.0064,36.4481,250.49,86,90,1.12,RU,2021-02-13 04:53:10
1795196,Tongchuanshi,35.0806,109.0897,282.38,61,100,1.12,CN,2021-02-13 04:53:10
3374083,Bathsheba,13.2167,-59.5167,299.15,65,40,9.26,BB,2021-02-13 04:53:10
2180815,Tuatapere,-46.1333,167.6833,292.59,71,92,1.79,NZ,2021-02-13 04:50:08
2460954,Araouane,18.9048,-3.5265,294.03,18,0,4.27,ML,2021-02-13 04:53:11
1495626,Pangody,65.85,74.4859,242.38,86,100,1.91,RU,2021-02-13 04:53:11
5197085,Lancaster,40.2504,-76.2499,271.15,46,90,2.57,US,2021-02-13 04:48:52
1633419,Padang,-0.9492,100.3543,305.15,66,20,2.57,ID,2021-02-13 04:53:11
5469841,Grants,35.1473,-107.8514,273.15,59,1,3.09,US,2021-02-13 04:53:11
2264557,Ponta do Sol,32.6667,-17.1,285.93,72,22,1.34,PT,2021-02-13 04:53:11
2170577,Cooma,-36.2333,149.1333,293.15,52,40,6.69,AU,2021-02-13 04:53:11
415189,Aden,12.7794,45.0367,297.75,68,48,4.98,YE,2021-02-13 04:53:11
2126710,Beringovskiy,63.05,179.3167,250.36,89,100,13.0,RU,2021-02-13 04:53:12
1056899,Sambava,-14.2667,50.1667,298.85,80,99,2.09,MG,2021-02-13 04:53:12
3388847,São Félix do Xingu,-6.6447,-51.995,296.01,96,100,1.44,BR,2021-02-13 04:53:12
1151073,Prachuap Khiri Khan,12.2167,99.75,302.15,61,20,2.57,TH,2021-02-13 04:53:12
3354077,Opuwo,-18.0607,13.84,289.15,87,92,1.37,NA,2021-02-13 04:53:12
477579,Uyemskiy,64.4743,40.8524,248.15,77,40,2.0,RU,2021-02-13 04:53:12
2027042,Batagay-Alyta,67.8006,130.4114,253.55,81,0,0.21,RU,2021-02-13 04:53:12
2507480,Algiers,36.7525,3.042,284.15,87,20,2.06,DZ,2021-02-13 04:53:13
2022572,Khatanga,71.9667,102.5,241.36,86,99,3.86,RU,2021-02-13 04:48:39
6137462,Saint-Augustin,51.226,-58.6502,259.57,91,1,4.65,CA,2021-02-13 04:53:13
2063036,Port Lincoln,-34.7333,135.8667,293.4,61,21,5.63,AU,2021-02-13 04:53:13
1586350,Cam Ranh,11.9214,109.1591,300.15,47,20,5.66,VN,2021-02-13 04:53:13
1795632,Shenjiamen,29.9576,122.298,285.48,90,23,3.52,CN,2021-02-13 04:53:13
2344415,Duku,11.2361,4.9073,295.5,19,0,3.02,NG,2021-02-13 04:53:14
5554072,Juneau,58.3019,-134.4197,273.15,29,1,5.66,US,2021-02-13 04:53:14
1684245,Tagusao,9.1924,117.8141,300.11,82,88,5.97,PH,2021-02-13 04:53:14
86049,Jalu,29.0331,21.5482,282.04,82,0,1.98,LY,2021-02-13 04:53:14
3374210,São Filipe,14.8961,-24.4956,295.79,60,0,7.65,CV,2021-02-13 04:53:14
1788852,Xining,36.6167,101.7667,276.11,69,31,1.78,CN,2021-02-13 04:53:14
3418910,Upernavik,72.7868,-56.1549,253.61,82,2,3.65,GL,2021-02-13 04:53:15
2647356,Hastings,50.8552,0.5729,270.37,60,31,1.79,GB,2021-02-13 04:53:15
638936,Rovaniemi,66.5,25.7167,264.15,79,0,4.63,FI,2021-02-13 04:53:15
3421719,Narsaq,60.9167,-46.05,279.15,31,75,15.43,GL,2021-02-13 04:53:15
1804892,Juye,35.3947,116.0883,289.09,56,100,4.02,CN,2021-02-13 04:53:15
3382160,Cayenne,4.9333,-52.3333,298.15,100,75,2.57,GF,2021-02-13 04:53:15
5746545,Portland,45.5234,-122.6762,270.37,74,90,10.8,US,2021-02-13 04:51:00
5870133,Nome,64.5011,-165.4064,272.15,69,90,9.77,US,2021-02-13 04:53:15
2065594,Mount Isa,-20.7333,139.5,310.15,32,90,3.6,AU,2021-02-13 04:53:15
3471451,Arraial do Cabo,-22.9661,-42.0278,297.36,88,100,6.22,BR,2021-02-13 04:51:02
2109528,Buala,-8.145,159.5921,300.34,85,100,5.96,SB,2021-02-13 04:53:16
527321,Mezen',65.8522,44.24,248.72,89,79,2.75,RU,2021-02-13 04:53:16
3832899,Viedma,-40.8135,-62.9967,293.71,84,100,0.45,AR,2021-02-13 04:53:16
3921355,Challapata,-18.9,-66.7667,281.02,56,0,2.55,BO,2021-02-13 04:53:16
5435464,Pueblo,38.2545,-104.6091,258.15,85,90,4.12,US,2021-02-13 04:45:59
6144312,Sept-Îles,50.2001,-66.3821,264.15,67,90,3.77,CA,2021-02-13 04:50:02
2729907,Longyearbyen,78.2186,15.6401,262.15,67,75,7.2,SJ,2021-02-13 04:53:17
3386213,Touros,-5.1989,-35.4608,299.15,83,40,2.06,BR,2021-02-13 04:53:17
1106643,Quatre Cocos,-20.2078,57.7625,301.48,69,75,6.17,MU,2021-02-13 04:53:17
932698,Hlotse,-28.8718,28.045,290.25,64,15,0.92,LS,2021-02-13 04:53:17
1502879,Kolosovka,56.4678,73.611,249.98,90,81,4.34,RU,2021-02-13 04:53:17
227592,Katete,-0.7818,29.7544,293.77,58,89,1.05,UG,2021-02-13 04:53:17
3839307,Rawson,-43.3002,-65.1023,294.94,67,1,9.65,AR,2021-02-13 04:50:45
1487164,Veseloyarsk,51.2836,81.1056,254.27,91,50,1.13,RU,2021-02-13 04:53:17
3336897,La Rioja,42.25,-2.5,277.15,93,0,1.54,ES,2021-02-13 04:53:18
2122783,Katangli,51.7102,143.2326,268.3,98,97,2.88,RU,2021-02-13 04:53:18
935215,Saint-Philippe,-21.3585,55.7679,303.15,61,0,11.32,RE,2021-02-13 04:53:18
293842,Kiryat Gat,31.61,34.7642,284.26,83,0,1.07,IL,2021-02-13 04:53:18
2992770,Arrondissement de Mont-de-Marsan,44.0,-0.6667,282.04,100,90,1.03,FR,2021-02-13 04:53:18
2128975,Nemuro,43.3236,145.575,275.15,60,75,2.57,JP,2021-02-13 04:53:18
152169,Mwembe,-4.15,37.85,294.14,84,81,1.3,TZ,2021-02-13 04:53:18
2084442,Vanimo,-2.6741,141.3028,299.59,81,100,1.67,PG,2021-02-13 04:49:31
2160517,Launceston,-41.45,147.1667,297.59,37,40,5.66,AU,2021-02-13 04:51:33
3416888,Grindavik,63.8424,-22.4338,279.15,75,75,20.06,IS,2021-02-13 04:53:19
3424607,Tasiilaq,65.6145,-37.6368,273.15,64,90,18.52,GL,2021-02-13 04:53:19
4130430,Searcy,35.2506,-91.7363,269.26,68,90,5.66,US,2021-02-13 04:53:19
6096551,Pangnirtung,66.1451,-65.7125,246.48,83,100,0.5,CA,2021-02-13 04:53:19
4726521,San Patricio,28.017,-97.5169,275.15,93,90,5.14,US,2021-02-13 04:53:20
6050066,La Ronge,55.1001,-105.2842,239.15,75,11,0.7,CA,2021-02-13 04:53:20
1490085,Tarko-Sale,64.9225,77.785,240.52,84,100,1.41,RU,2021-02-13 04:53:20
2619537,Hvide Sande,56.0045,8.1294,261.15,85,0,1.13,DK,2021-02-13 04:53:20
2093691,Kokoda,-8.8785,147.7407,301.81,67,74,0.07,PG,2021-02-13 04:53:20
7601762,Bairiki Village,1.3292,172.9752,302.15,74,20,3.09,KI,2021-02-13 04:53:20
2467813,Rafrāf,37.1904,10.1837,287.15,88,40,2.06,TN,2021-02-13 04:53:21
1684803,Tabuk,17.4189,121.4443,298.89,70,64,2.51,PH,2021-02-13 04:53:21
939676,Willowmore,-33.2926,23.4895,294.82,74,56,2.44,ZA,2021-02-13 04:53:21
6111862,Port Hardy,50.6996,-127.4199,274.15,80,90,13.38,CA,2021-02-13 04:53:21
7647007,Bariloche,-41.1456,-71.3082,292.15,52,75,2.57,AR,2021-02-13 04:53:21
2158767,Mareeba,-17.0,145.4333,304.82,66,100,5.14,AU,2021-02-13 04:53:21
2126123,Chokurdakh,70.6333,147.9167,242.89,73,0,1.49,RU,2021-02-13 04:53:21
1529102,Ürümqi,43.801,87.6005,267.15,79,60,1.0,CN,2021-02-13 04:49:12
2121197,Sinegor'ye,62.0788,150.477,253.85,88,100,1.06,RU,2021-02-13 04:53:22
5861897,Fairbanks,64.8378,-147.7164,254.26,84,1,0.85,US,2021-02-13 04:50:18
578326,Begunitsy,59.5855,29.3176,257.15,78,75,1.0,RU,2021-02-13 04:53:22
2083537,Wewak,-3.5534,143.6268,299.45,87,100,5.0,PG,2021-02-13 04:53:22
5955902,Fort Nelson,58.8053,-122.7002,249.15,84,1,1.03,CA,2021-02-13 04:53:22
64814,Bandarbeyla,9.4942,50.8122,297.05,67,47,5.7,SO,2021-02-13 04:50:44
2361477,Dédougou,12.4667,-3.4667,295.26,19,0,2.14,BF,2021-02-13 04:53:22
2177069,Ballina,-28.8667,153.5667,303.15,65,75,6.17,AU,2021-02-13 04:53:23
2137773,Vao,-22.6667,167.4833,299.63,74,15,3.42,NC,2021-02-13 04:53:11
3401148,Cururupu,-1.8283,-44.8683,297.88,92,100,1.89,BR,2021-02-13 04:53:23
3423146,Ilulissat,69.2167,-51.1,261.15,85,75,1.54,GL,2021-02-13 04:53:23
479071,Umba,66.6871,34.3429,253.46,91,72,3.04,RU,2021-02-13 04:53:23
2095038,Kainantu,-6.2887,145.8655,295.04,82,100,0.94,PG,2021-02-13 04:53:23
2255304,Sémbé,1.6481,14.5806,295.92,82,51,1.64,CG,2021-02-13 04:53:23
2446796,Bilma,18.6853,12.9164,291.13,24,0,2.94,NE,2021-02-13 04:53:23
1623197,Tual,-5.6667,132.75,301.89,74,100,5.14,ID,2021-02-13 04:53:24
605155,Kiruna,67.8557,20.2251,261.15,85,82,4.63,SE,2021-02-13 04:53:24
5486795,Raton,36.9034,-104.4391,263.15,85,90,3.09,US,2021-02-13 04:52:37
1809062,Haimen,23.1935,116.6142,295.15,56,40,2.0,CN,2021-02-13 04:53:24
3445026,Vila Velha,-20.3297,-40.2925,297.15,88,0,1.54,BR,2021-02-13 04:53:24
2134814,Sola,-13.8833,167.55,300.26,81,100,4.22,VU,2021-02-13 04:53:24
3085867,Skała,50.2305,19.8536,262.04,85,86,3.6,PL,2021-02-13 04:53:24
649924,Kuusamo,65.9667,29.1833,266.15,93,90,3.09,FI,2021-02-13 04:53:25
4018499,Nacozari,25.3366,-108.2574,286.48,93,98,0.45,MX,2021-02-13 04:53:25
1529651,Altay,47.8667,88.1167,264.44,85,51,0.55,CN,2021-02-13 04:53:25
57000,Hobyo,5.3505,48.5268,298.11,71,81,7.28,SO,2021-02-13 04:53:25
1805680,Jingdezhen,29.2947,117.2079,293.5,58,4,0.88,CN,2021-02-13 04:53:25
2093967,Kimbe,-5.5502,150.1429,302.66,71,94,2.33,PG,2021-02-13 04:53:25
1502073,Krasnosel'kup,65.7,82.4667,237.61,82,6,2.08,RU,2021-02-13 04:53:25
3667351,Tausa,5.199,-73.8913,286.15,94,75,2.06,CO,2021-02-13 04:53:25
2455517,Kayes,14.0,-11.0,296.68,18,0,2.69,ML,2021-02-13 04:53:26
2013459,Verkh-Usugli,52.7,115.1667,255.7,81,57,4.24,RU,2021-02-13 04:53:26
5392593,San Ramon,37.7799,-121.978,284.82,93,75,3.6,US,2021-02-13 04:50:33
2122090,Pevek,69.7008,170.3133,244.66,89,100,3.36,RU,2021-02-13 04:53:26
523734,Nachalovo,46.338,48.2013,278.15,100,75,3.0,RU,2021-02-13 04:53:26
1516048,Khovd,48.0056,91.6419,261.79,84,10,1.6,MN,2021-02-13 04:53:27
2399697,Libreville,0.3925,9.4537,301.15,89,40,3.09,GA,2021-02-13 04:50:33
1712504,Guiljungan,9.9805,122.6742,301.52,73,17,3.34,PH,2021-02-13 04:53:27
3038333,Arrondissement d'Ajaccio,42.0,8.9167,283.15,93,90,0.51,FR,2021-02-13 04:53:27
6323121,Florianópolis,-27.6146,-48.5012,295.15,100,20,2.57,BR,2021-02-13 04:53:27
3372964,Lagoa,39.05,-27.9833,288.59,79,100,15.6,PT,2021-02-13 04:53:27
2374583,Bubaque,11.2833,-15.8333,298.04,64,0,3.74,GW,2021-02-13 04:53:27
4160021,Jacksonville,30.3322,-81.6556,287.15,100,90,5.14,US,2021-02-13 04:50:34
3421765,Nanortalik,60.1432,-45.2371,275.86,75,100,5.29,GL,2021-02-13 04:53:28
5935341,Dauphin,51.1494,-100.0502,238.15,68,1,3.6,CA,2021-02-13 04:53:28
2387546,Bozoum,6.3193,16.3799,290.49,28,0,0.72,CF,2021-02-13 04:53:28
146137,Polis,35.0367,32.4264,283.15,81,40,3.6,CY,2021-02-13 04:53:28
3693584,Pimentel,-6.8367,-79.9342,295.93,84,99,0.89,PE,2021-02-13 04:51:02
5423092,Glenwood Springs,39.5505,-107.3248,274.26,93,90,2.62,US,2021-02-13 04:51:55
2623857,Bogense,55.5669,10.0886,265.15,85,0,0.51,DK,2021-02-13 04:53:28
2108857,Gizo Government Station,-8.103,156.8419,302.34,70,71,3.76,SB,2021-02-13 04:53:28
6057842,Lively,46.4334,-81.1498,252.15,54,1,2.06,CA,2021-02-13 04:53:29
2460546,Banamba,13.55,-7.45,295.58,19,13,3.85,ML,2021-02-13 04:53:19
2174444,Bowen,-20.0167,148.2333,306.15,29,91,3.6,AU,2021-02-13 04:53:29
1791121,Changde,29.0464,111.6783,291.42,59,0,2.29,CN,2021-02-13 04:53:29
1529376,Korla,41.7597,86.1469,279.32,56,23,2.54,CN,2021-02-13 04:53:29
2427336,Moussoro,13.6408,16.4901,292.52,26,5,4.33,TD,2021-02-13 04:53:29
3393536,Olinda,-8.0089,-34.8553,299.15,73,40,6.69,BR,2021-02-13 04:53:29
610298,Beyneu,45.3167,55.2,276.58,78,32,9.67,KZ,2021-02-13 04:53:29
4013679,Coahuayana Viejo,18.7333,-103.6833,290.01,83,18,1.49,MX,2021-02-13 04:53:30
1526041,Atasū,48.6814,71.6433,266.71,95,57,3.17,KZ,2021-02-13 04:53:30
1641977,Kalianget,-7.05,113.9333,301.75,76,100,2.75,ID,2021-02-13 04:53:30
1630639,Pringsewu,-5.3582,104.9744,302.15,79,85,1.36,ID,2021-02-13 04:53:30
3492997,Samaná,19.2056,-69.3369,296.87,81,43,3.81,DO,2021-02-13 04:53:30
2384770,Mbaïki,3.8678,17.9892,292.55,30,7,0.89,CF,2021-02-13 04:53:30
3346821,Ondjiva,-17.0667,15.7333,290.33,84,91,2.51,AO,2021-02-13 04:53:30
3860443,Comodoro Rivadavia,-45.8667,-67.5,289.15,94,90,1.54,AR,2021-02-13 04:53:31
1489209,Troitskoye,52.9821,84.6757,251.33,87,0,1.19,RU,2021-02-13 04:53:31
1337610,Thinadhoo,0.5333,72.9333,301.24,69,69,4.82,MV,2021-02-13 04:53:31
2074865,Carnarvon,-24.8667,113.6333,302.15,89,90,5.66,AU,2021-02-13 04:53:31
1855540,Naze,28.3667,129.4833,293.15,83,75,10.29,JP,2021-02-13 04:52:24
4033077,Vaitape,-16.5167,-151.75,300.88,73,26,4.58,PF,2021-02-13 04:48:52
2026023,Bukachacha,52.9833,116.9167,255.96,83,99,4.74,RU,2021-02-13 04:53:31
359792,Aswān,24.0934,32.907,286.85,38,0,4.6,EG,2021-02-13 04:53:31
4921100,Hammond,41.5834,-87.5,263.15,79,90,4.63,US,2021-02-13 04:53:32
1502063,Krasnoturansk,54.3186,91.5639,248.15,77,56,1.0,RU,2021-02-13 04:53:32
2171722,Charters Towers,-20.1,146.2667,305.38,41,69,1.3,AU,2021-02-13 04:53:32
3893726,Constitución,-35.3333,-72.4167,287.49,90,38,2.33,CL,2021-02-13 04:53:32
3441665,Minas,-34.3759,-55.2377,293.15,94,90,4.63,UY,2021-02-13 04:53:32
5367788,Lompoc,34.6391,-120.4579,284.15,87,1,5.66,US,2021-02-13 04:53:32
3652758,Puerto Baquerizo Moreno,-0.9,-89.6,298.06,87,90,4.77,EC,2021-02-13 04:53:32
4574324,Charleston,32.7766,-79.9309,279.82,100,90,3.6,US,2021-02-13 04:53:18
4845585,Westport,41.1415,-73.3579,271.15,34,90,2.57,US,2021-02-13 04:51:03
2618795,Klaksvík,62.2266,-6.589,276.15,70,90,10.8,FO,2021-02-13 04:53:33
3578851,Marigot,18.0667,-63.0833,298.15,78,40,5.66,MF,2021-02-13 04:53:33
1266475,Kishtwār,33.3167,75.7667,287.06,30,100,0.59,IN,2021-02-13 04:53:33
2206874,Waipawa,-41.4122,175.5153,293.15,60,50,7.2,NZ,2021-02-13 04:53:33
178522,Voi,-3.3945,38.563,295.94,80,89,2.41,KE,2021-02-13 04:53:33
3405051,Borba,-4.3878,-59.5939,297.43,96,93,0.45,BR,2021-02-13 04:53:33
3531368,Celestún,20.8667,-90.4,296.62,89,15,1.39,MX,2021-02-13 04:53:34
5554428,Ketchikan,55.3422,-131.6461,275.15,32,1,5.66,US,2021-02-13 04:53:34
3402648,Carutapera,-1.195,-46.02,299.15,85,100,3.72,BR,2021-02-13 04:53:10
2079582,Alyangula,-13.8483,136.4192,302.15,79,75,2.06,AU,2021-02-13 04:49:46
3894426,Coyhaique,-45.5752,-72.0662,285.15,66,0,1.03,CL,2021-02-13 04:53:34
3691954,Sechura,-5.5569,-80.8222,298.1,70,92,5.3,PE,2021-02-13 04:53:34
2027044,Batagay,67.6333,134.6333,249.19,87,0,0.42,RU,2021-02-13 04:53:34
3838859,Río Gallegos,-51.6226,-69.2181,283.15,62,0,1.54,AR,2021-02-13 04:53:34
1862505,Hirara,24.8,125.2833,297.15,69,75,7.2,JP,2021-02-13 04:53:34
3647444,Calabozo,8.9242,-67.4293,298.52,65,47,4.14,VE,2021-02-13 04:53:35
2255285,Sibiti,-3.6819,13.3499,293.95,100,86,1.24,CG,2021-02-13 04:53:35
2013921,Ust-Kuyga,70.0167,135.6,249.34,84,95,0.91,RU,2021-02-13 04:53:35
520798,Nizhniy Baskunchak,48.2198,46.8311,275.27,82,100,8.97,RU,2021-02-13 04:53:35
4047434,Russell,32.3502,-85.1999,283.15,93,90,2.68,US,2021-02-13 04:53:35
535839,Leshukonskoye,64.8989,45.7622,246.92,89,1,1.41,RU,2021-02-13 04:53:35
2186111,Ngunguru,-35.6167,174.5,297.04,58,6,3.58,NZ,2021-02-13 04:50:08
1712961,Gigmoto,13.7796,124.39,299.32,85,69,5.14,PH,2021-02-13 04:53:35
3175217,La Maddalena,41.2142,9.4083,284.15,93,90,6.69,IT,2021-02-13 04:53:36
1513491,Yangi Marg`ilon,40.4272,71.7189,284.15,46,100,2.06,UZ,2021-02-13 04:53:36
1218612,Murgab,37.4966,61.9714,278.15,70,0,3.29,TM,2021-02-13 04:53:36
2186280,Nelson,-41.2833,173.2833,294.26,51,98,1.79,NZ,2021-02-13 04:53:36
2156643,Mount Gambier,-37.8333,140.7667,293.15,56,90,6.69,AU,2021-02-13 04:53:23
5711149,Altamont,42.2068,-121.7372,277.15,87,90,2.06,US,2021-02-13 04:53:36
3868626,Valparaíso,-33.0393,-71.6273,291.48,78,49,3.13,CL,2021-02-13 04:53:36
1816373,Bijie,27.3125,105.2942,281.83,89,100,1.98,CN,2021-02-13 04:53:36
64435,Berbera,10.4396,45.0143,296.92,64,70,1.46,SO,2021-02-13 04:51:32
2031964,Darhan,49.4867,105.9228,254.42,84,69,0.37,MN,2021-02-13 04:53:37
780687,Berlevåg,70.8578,29.0864,265.29,94,72,5.25,NO,2021-02-13 04:53:37
5546220,Saint George,37.1041,-113.5841,284.26,43,1,1.2,US,2021-02-13 04:53:37
2338660,Yaan,7.3833,8.5667,295.6,88,100,2.08,NG,2021-02-13 04:53:37
2092164,Lorengau,-2.0226,147.2712,300.89,77,99,3.29,PG,2021-02-13 04:53:37
8079926,Labuhan,-6.8844,112.2051,301.95,78,100,3.68,ID,2021-02-13 04:53:37
295620,Ashquelon,31.6693,34.5715,284.26,93,0,0.51,IL,2021-02-13 04:53:38
933649,Khakhea,-24.6895,23.494,295.04,64,69,2.07,BW,2021-02-13 04:53:38
4036284,Alofi,-19.0595,-169.9187,302.15,74,69,4.12,NU,2021-02-13 04:53:38
1798473,Puqi,29.7167,113.8833,292.88,53,0,0.62,CN,2021-02-13 04:53:38
1529660,Aksu,41.1231,80.2644,280.71,49,42,0.38,CN,2021-02-13 04:53:38
2121025,Srednekolymsk,67.45,153.6833,243.26,83,0,2.75,RU,2021-02-13 04:50:42
2034995,Shanhecun,44.7,127.2,272.14,98,82,2.45,CN,2021-02-13 04:53:38
3085941,Sierpc,52.8568,19.6691,267.0,97,90,4.12,PL,2021-02-13 04:53:38
2425791,Kibala,9.1104,18.3463,294.15,35,0,1.79,TD,2021-02-13 04:53:38
3408368,Acaraú,-2.8856,-40.12,299.04,85,59,4.62,BR,2021-02-13 04:53:39
3105522,Bereda,43.2686,-7.5406,282.59,88,100,4.47,ES,2021-02-13 04:53:39
4918805,Cedar Lake,41.3648,-87.4411,263.15,79,90,4.63,US,2021-02-13 04:53:39
3652462,Quito,-0.2299,-78.5249,287.15,94,75,1.54,EC,2021-02-13 04:51:00
3623112,La Suiza,9.8524,-83.6133,292.04,88,99,0.89,CR,2021-02-13 04:53:39
3676623,Leticia,-4.2153,-69.9406,297.15,100,75,0.17,CO,2021-02-13 04:50:00
2636790,Stornoway,58.2093,-6.3865,275.15,55,100,6.17,GB,2021-02-13 04:53:39
1817858,Babu,24.4167,111.5167,294.72,47,0,0.65,CN,2021-02-13 04:53:40
1636806,Majene,-3.5403,118.9707,302.26,69,98,2.47,ID,2021-02-13 04:53:40
2436400,Ati,13.2154,18.3353,292.01,24,0,3.35,TD,2021-02-13 04:53:40
3579925,St. George's,12.0564,-61.7485,299.15,78,20,11.32,GD,2021-02-13 04:53:40
1083724,Ambanja,-13.6833,48.45,301.15,82,75,2.06,MG,2021-02-13 04:53:40
598098,Klaipėda,55.7172,21.1175,269.15,93,90,1.03,LT,2021-02-13 04:53:40
3514961,Tzucacab,20.0667,-89.05,295.4,84,16,0.71,MX,2021-02-13 04:53:40
556268,Ostrovnoy,68.0531,39.5131,254.61,91,99,2.38,RU,2021-02-13 04:51:08
1215502,Banda Aceh,5.5577,95.3222,303.4,64,17,1.5,ID,2021-02-13 04:53:41
5012495,Traverse City,44.7631,-85.6206,265.15,86,90,1.54,US,2021-02-13 04:53:41
5961417,Gimli,50.6336,-96.9907,242.15,69,100,2.15,CA,2021-02-13 04:52:59
1153668,Chiang Rai,19.9167,99.9167,300.37,68,0,2.06,TH,2021-02-13 04:53:41
3419842,Sisimiut,66.9395,-53.6735,260.52,92,77,1.46,GL,2021-02-13 04:53:41
1235846,Matara,5.9485,80.5353,303.21,60,40,0.85,LK,2021-02-13 04:50:22
1252919,Warud,21.4667,78.2667,300.7,20,0,3.22,IN,2021-02-13 04:53:41
3173615,Melfi,40.9965,15.6514,273.71,99,100,2.38,IT,2021-02-13 04:53:42
1498161,Muzhi,65.3667,64.6667,245.66,88,100,0.37,RU,2021-02-13 04:53:42
3390814,Raposa,-6.5167,-44.1833,294.84,94,94,0.49,BR,2021-02-13 04:53:42
6122707,Rivers,50.0308,-100.2403,237.15,68,1,2.57,CA,2021-02-13 04:53:42
3395981,Maceió,-9.6658,-35.7353,297.15,94,75,1.54,BR,2021-02-13 04:53:42
3628473,San Cristobal,7.7669,-72.225,292.32,73,64,0.72,VE,2021-02-13 04:53:42
3470709,Barra do Garças,-15.89,-52.2567,294.89,95,100,0.87,BR,2021-02-13 04:53:42
3939761,Hualmay,-11.0964,-77.6139,295.51,76,94,3.85,PE,2021-02-13 04:53:42
1317375,Kyaikto,17.3,97.0167,301.99,38,31,2.64,MM,2021-02-13 04:52:31
3887127,Iquique,-20.2208,-70.1431,296.15,49,0,2.06,CL,2021-02-13 04:53:43
1608451,Nan,18.8333,100.6667,299.15,57,0,1.03,TH,2021-02-13 04:53:43
3393832,Nova Russas,-4.7067,-40.5631,295.58,92,70,1.61,BR,2021-02-13 04:53:09
2094027,Kieta,-6.2167,155.6333,300.68,82,100,5.49,PG,2021-02-13 04:53:43
479442,Uinskoye,56.8817,56.5813,273.43,97,100,3.61,RU,2021-02-13 04:53:43
2013279,Vostok,46.4856,135.8833,271.43,96,100,1.75,RU,2021-02-13 04:53:43
1507116,Dudinka,69.4058,86.1778,242.27,86,100,1.76,RU,2021-02-13 04:53:44
3450387,Santa Catarina,-27.0,-50.0,294.82,98,81,0.54,BR,2021-02-13 04:53:44
1519030,Chu,43.5983,73.7614,277.63,82,90,1.99,KZ,2021-02-13 04:53:44
3448519,São Mateus,-18.7161,-39.8589,295.81,93,100,1.32,BR,2021-02-13 04:49:45
3385899,Tutóia,-2.7619,-42.2744,299.75,83,100,4.33,BR,2021-02-13 04:53:44
1505991,Igarka,67.4667,86.5833,238.93,81,0,1.45,RU,2021-02-13 04:53:44
6050194,La Sarre,48.8002,-79.1996,245.18,88,40,1.98,CA,2021-02-13 04:53:45
2542997,Marrakesh,31.6315,-8.0083,284.15,82,0,1.54,MA,2021-02-13 04:51:07
3068222,Plasy,49.9345,13.3904,262.59,92,90,1.44,CZ,2021-02-13 04:53:45
2022773,Khandyga,62.6667,135.6,261.59,92,46,0.95,RU,2021-02-13 04:53:45
1804430,Lanzhou,36.0564,103.7922,280.15,33,0,7.0,CN,2021-02-13 04:53:45
2127154,Aniva,46.7144,142.5294,274.15,86,75,3.0,RU,2021-02-13 04:53:45
3893629,Coquimbo,-29.9533,-71.3436,289.15,88,0,2.06,CL,2021-02-13 04:53:45
1486321,Yar-Sale,66.8333,70.8333,244.64,87,99,1.84,RU,2021-02-13 04:53:45
2412408,Nioro,13.35,-15.75,295.66,17,0,3.12,GM,2021-02-13 04:53:46
7671223,Kloulklubed,7.0419,134.2556,301.15,78,90,3.09,PW,2021-02-13 04:53:46
2022003,Kizhinga,51.8462,109.9097,255.88,84,17,4.56,RU,2021-02-13 04:53:46
3453315,Poconé,-16.2567,-56.6228,295.39,96,100,1.34,BR,2021-02-13 04:53:46
3135728,Straumen,63.8709,11.2999,275.93,51,90,7.2,NO,2021-02-13 04:53:46
898947,Senanga,-16.1167,23.2667,292.77,92,95,0.91,ZM,2021-02-13 04:53:46
3946820,Barranca,-10.75,-77.7667,294.87,80,99,2.71,PE,2021-02-13 04:53:46
1730622,Anito,12.4497,125.2886,300.75,83,61,1.16,PH,2021-02-13 04:53:47
2377457,Nouadhibou,20.931,-17.0347,289.15,82,0,9.26,MR,2021-02-13 04:53:47
5859699,College,64.8569,-147.8028,254.26,84,1,1.01,US,2021-02-13 04:53:47
5597955,Kuna,43.4918,-116.4201,271.15,100,90,2.06,US,2021-02-13 04:52:56
1643837,Gorontalo,0.5412,123.0595,299.68,85,100,1.63,ID,2021-02-13 04:52:16
2036069,Linjiang,41.8069,126.9078,278.11,68,93,0.18,CN,2021-02-13 04:53:47
4350461,Carroll,39.5501,-77.0164,271.15,64,90,1.54,US,2021-02-13 04:53:48
497547,Selty,57.3132,52.1345,264.41,97,100,2.67,RU,2021-02-13 04:53:48
2013727,Vanavara,60.34,102.2797,249.29,87,100,1.63,RU,2021-02-13 04:53:48
3404558,Cabedelo,-6.9811,-34.8339,297.15,100,75,1.54,BR,2021-02-13 04:53:48
2317982,Yuli,9.6989,10.2744,292.58,25,16,2.49,NG,2021-02-13 04:53:48
6167817,Torbay,47.6666,-52.7314,272.04,86,90,10.8,CA,2021-02-13 04:53:48
1246294,Galle,6.0367,80.217,301.52,68,42,0.74,LK,2021-02-13 04:51:58
1488903,Turukhansk,65.8167,87.9833,242.19,81,0,2.53,RU,2021-02-13 04:53:49
1272864,Dhārchula,29.85,80.5333,294.22,19,59,2.1,IN,2021-02-13 04:53:49
5660340,Kalispell,48.1958,-114.3129,253.71,65,1,2.06,US,2021-02-13 04:53:49
1255491,Sultānpur,26.2667,82.0667,296.73,39,0,0.73,IN,2021-02-13 04:53:49
3868707,Valdivia,-39.8142,-73.2459,284.15,93,0,0.51,CL,2021-02-13 04:53:49
2527087,Tiznit Province,29.5833,-9.5,286.77,62,25,0.49,MA,2021-02-13 04:53:49
5866063,Kenai,60.5544,-151.2583,267.04,67,1,1.54,US,2021-02-13 04:53:49
6113406,Prince Rupert,54.3161,-130.3201,275.15,27,90,7.2,CA,2021-02-13 04:50:14
1566346,Thai Binh,20.45,106.3333,296.15,46,0,2.57,VN,2021-02-13 04:52:08
3392126,Pilar,-9.5972,-35.9567,297.15,94,75,1.54,BR,2021-02-13 04:53:50
5572400,Susanville,40.4163,-120.653,279.15,70,75,2.57,US,2021-02-13 04:53:50
1809461,Guiyang,26.5833,106.7167,283.15,87,90,3.0,CN,2021-02-13 04:53:50
6620339,Karratha,-20.7377,116.8463,303.0,55,28,6.3,AU,2021-02-13 04:53:50
645765,Muhos,64.808,25.9931,258.15,85,0,2.06,FI,2021-02-13 04:53:50
3395458,Maragogi,-9.0122,-35.2225,298.34,84,2,3.45,BR,2021-02-13 04:53:50
1153850,Bo Phloi,14.3236,99.5161,307.04,29,0,2.91,TH,2021-02-13 04:53:50
651943,Kokkola,63.8385,23.1307,267.59,93,0,2.06,FI,2021-02-13 04:53:51
932183,Quthing,-30.4,27.7003,294.36,44,26,0.85,LS,2021-02-13 04:53:51
2157698,Mildura,-34.2,142.15,299.82,31,40,4.12,AU,2021-02-13 04:53:51
6355222,Yulara,-25.2406,130.9889,297.15,57,90,6.69,AU,2021-02-13 04:53:51
3577154,Oranjestad,12.524,-70.027,299.15,78,20,8.75,AW,2021-02-13 04:53:51
3130131,Amposta,40.7131,0.581,284.26,63,27,12.52,ES,2021-02-13 04:53:51
1831112,Kampot,10.6167,104.1833,302.15,69,40,3.09,KH,2021-02-13 04:53:51
5570160,Redding,40.5865,-122.3917,285.15,71,90,2.57,US,2021-02-13 04:51:16
3175096,Laas,46.6166,10.7002,262.15,85,75,3.09,IT,2021-02-13 04:53:52
1501377,Kungurtug,50.5994,97.5228,253.98,82,16,0.69,RU,2021-02-13 04:53:52
686090,Asău,46.4333,26.4,263.71,42,0,3.39,RO,2021-02-13 04:53:52
5003136,Muskegon,43.3,-86.1334,266.15,73,90,2.06,US,2021-02-13 04:49:03
2191562,Dunedin,-45.8742,170.5036,290.93,73,74,4.02,NZ,2021-02-13 04:53:52
6180550,Whitehorse,60.7161,-135.0538,247.15,76,1,1.03,CA,2021-02-13 04:53:52
1283334,Ilām,26.9167,87.9167,292.64,45,10,2.42,NP,2021-02-13 04:53:53
2738381,Lata,40.1629,-8.3327,284.26,91,100,0.45,PT,2021-02-13 04:53:53
4987617,Cadillac,44.2519,-85.4012,263.15,85,75,3.5,US,2021-02-13 04:53:53
1076194,Andilamena,-17.0167,48.5833,293.59,90,96,2.7,MG,2021-02-13 04:53:53
5954718,Flin Flon,54.7682,-101.865,239.2,83,8,0.59,CA,2021-02-13 04:53:53
4271086,Emporia,38.4039,-96.1817,256.15,78,75,6.69,US,2021-02-13 04:53:53
3663495,Manoel Urbano,-8.8389,-69.2597,295.41,96,98,0.93,BR,2021-02-13 04:53:54
286621,Salalah,17.0151,54.0924,294.15,35,0,1.54,OM,2021-02-13 04:53:29
2440485,Niamey,13.5137,2.1098,295.15,16,0,1.54,NE,2021-02-13 04:53:54
2126682,Bilibino,68.0546,166.4372,245.89,84,63,1.81,RU,2021-02-13 04:53:54
771804,Gorlice,49.6556,21.1604,262.04,82,99,4.19,PL,2021-02-13 04:53:54
4311963,Valley Station,38.1112,-85.8702,271.15,74,90,3.6,US,2021-02-13 04:49:11
491684,Smolenskaya Oblast’,55.0,33.0,259.7,94,100,8.96,RU,2021-02-13 04:53:54
1162634,Wana,32.2989,69.5725,288.05,33,97,1.24,PK,2021-02-13 04:53:54
2236568,Uíge,-7.6087,15.0613,291.54,96,26,0.96,AO,2021-02-13 04:53:55
2314705,Kikwit,-5.041,18.8162,294.97,89,100,0.53,CD,2021-02-13 04:53:55
1275682,Bijni,26.4959,90.703,299.04,36,0,2.95,IN,2021-02-13 04:53:55
5134295,Rome,43.2128,-75.4557,257.04,66,1,0.7,US,2021-02-13 04:53:55
3515939,Teopantlán,18.7167,-98.2667,291.23,38,65,2.43,MX,2021-02-13 04:53:55
2132606,Samarai,-10.6167,150.6667,302.1,65,24,3.28,PG,2021-02-13 04:53:55
699413,Novomykolayivka,47.9781,35.9102,260.15,85,75,8.0,UA,2021-02-13 04:53:55
5563397,Eureka,40.8021,-124.1637,283.71,98,100,1.79,US,2021-02-13 04:53:55
1491291,Sosnovoborsk,56.1325,93.3589,248.15,70,0,1.0,RU,2021-02-13 04:53:55
3125287,Cervo,43.6702,-7.4101,281.48,88,100,4.47,ES,2021-02-13 04:53:56
5783695,Tooele,40.5308,-112.2983,276.15,87,90,2.06,US,2021-02-13 04:50:26
893549,Chipinge,-20.1883,32.6236,290.8,100,100,2.35,ZW,2021-02-13 04:50:03
374739,Gogrial,8.5332,28.1004,294.15,27,0,1.73,SS,2021-02-13 04:53:56
3372472,Vila Franca do Campo,37.7167,-25.4333,288.71,94,20,9.26,PT,2021-02-13 04:53:56
2012530,Zhigansk,66.7697,123.3711,251.43,90,100,5.72,RU,2021-02-13 04:53:56
1263610,Manthani,18.65,79.6667,301.43,43,36,3.84,IN,2021-02-13 04:53:56
88834,Tūkrah,32.5341,20.5791,284.31,80,3,2.28,LY,2021-02-13 04:50:30
2448083,Agadez,19.75,10.25,287.95,30,0,4.52,NE,2021-02-13 04:53:57
1899102,Nagato,34.3833,131.2,288.15,76,75,4.12,JP,2021-02-13 04:53:57
3440777,Rocha,-34.4833,-54.3333,292.9,95,100,2.61,UY,2021-02-13 04:53:57
1293960,Taunggyi,20.7833,97.0333,297.94,26,95,1.37,MM,2021-02-13 04:53:57
1516589,Zhezkazgan,47.8043,67.7144,265.76,96,0,3.44,KZ,2021-02-13 04:53:57
1657818,Champasak,14.75,106.0,299.15,50,40,1.03,LA,2021-02-13 04:53:58
1715015,Dicabisagan,17.0818,122.4157,298.81,69,56,3.67,PH,2021-02-13 04:53:58
2175819,Biloela,-24.4167,150.5,306.76,30,13,2.91,AU,2021-02-13 04:53:58
